<ImportExportXml xmlns:xsi="http://www.w3.org/2001/XMLSchema-instance">
  <Entities></Entities>
  <Roles></Roles>
  <Workflows></Workflows>
  <FieldSecurityProfiles></FieldSecurityProfiles>
  <Templates />
  <EntityMaps />
  <EntityRelationships />
  <OrganizationSettings />
  <optionsets />
  <SolutionPluginAssemblies>
    <PluginAssembly FullName="Source.Plugins, Version=1.0.0.0, Culture=neutral, PublicKeyToken=cdeaea82f9473a46" CustomizationLevel="1">
      <IsolationMode>2</IsolationMode>
      <SourceType>0</SourceType>
      <IntroducedVersion>1.0</IntroducedVersion>
      <FileName>/PluginAssemblies/SourcePlugins-A36F1CE8-AD30-47BC-A9A1-93FCD89DDF9F/SourcePlugins.dll</FileName>
      <PluginTypes>
        <PluginType AssemblyQualifiedName="Source.Plugins.CreatePriceListItems, Source.Plugins, Version=1.0.0.0, Culture=neutral, PublicKeyToken=cdeaea82f9473a46" Name="Source.Plugins.CreatePriceListItems">
          <FriendlyName>5f2a36b6-bd36-49d3-81d1-0d9b501061d3</FriendlyName>
        </PluginType>
      </PluginTypes>
    </PluginAssembly>
  </SolutionPluginAssemblies>
  <SdkMessageProcessingSteps>
    <SdkMessageProcessingStep Name="Source.Plugins.CreatePriceListItems: Create of product" SdkMessageProcessingStepId="{72579799-31f4-e411-80c1-00155d048d48}">
      <PluginTypeName>Source.Plugins.CreatePriceListItems, Source.Plugins, Version=1.0.0.0, Culture=neutral, PublicKeyToken=cdeaea82f9473a46</PluginTypeName>
      <PrimaryEntity>product</PrimaryEntity>
      <AsyncAutoDelete>0</AsyncAutoDelete>
      <InvocationSource>1</InvocationSource>
      <Mode>0</Mode>
      <Rank>1</Rank>
      <SdkMessageId>{9ebdbb1b-ea3e-db11-86a7-000a3a5473e8}</SdkMessageId>
      <EventHandlerTypeCode>4602</EventHandlerTypeCode>
      <Stage>40</Stage>
      <IsCustomizable>1</IsCustomizable>
      <IsHidden>0</IsHidden>
      <SupportedDeployment>0</SupportedDeployment>
      <IntroducedVersion>1.0</IntroducedVersion>
      <SdkMessageProcessingStepImages />
    </SdkMessageProcessingStep>
  </SdkMessageProcessingSteps>
  <Languages>
    <Language>1033</Language>
  </Languages>
</ImportExportXml>